Order ID,Order Date,Customer Email,Product,Category,Quantity,Unit Price,Order Total
#1000,2026-07-01,customer4@example.com,Yoga Mat,Fitness,2,19.99,39.98
#1001,2026-07-01,customer7@example.com,Phone Case,Electronics,2,9.99,19.98
#1002,2026-07-01,customer4@example.com,Throw Blanket,Home,2,29.99,59.98
#1003,2026-07-01,customer3@example.com,Bluetooth Speaker,Electronics,1,34.99,34.99
#1004,2026-07-01,customer27@example.com,Phone Case,Electronics,2,9.99,19.98
#1005,2026-07-01,customer6@example.com,Phone Case,Electronics,1,9.99,9.99
#1006,2026-07-01,customer4@example.com,Bluetooth Speaker,Electronics,2,34.99,69.98
#1007,2026-07-02,customer4@example.com,Resistance Bands,Fitness,3,14.99,44.97
#1008,2026-07-02,customer26@example.com,Scented Candle,Home,2,11.99,23.98
#1009,2026-07-02,customer3@example.com,Wireless Earbuds,Electronics,1,24.99,24.99
#1010,2026-07-03,customer10@example.com,Ceramic Mug,Home,2,8.99,
#1011,2026-07-03,customer20@example.com,Bluetooth Speaker,Electronics,1,34.99,34.99
#1012,2026-07-03,customer12@example.com,Bluetooth Speaker,Electronics,3,34.99,104.97
#1013,2026-07-03,customer13@example.com,Phone Case,Electronics,2,9.99,19.98
#1014,2026-07-04,customer5@example.com,Phone Case,Electronics,2,9.99,19.98
#1015,2026-07-04,customer14@example.com,Scented Candle,Home,1,11.99,11.99
#1016,2026-07-04,customer35@example.com,Running Shoes,Fitness,3,49.99,149.97
#1017,2026-07-04,customer30@example.com,Desk Lamp,Home,1,22.5,22.5
#1018,2026-07-04,customer24@example.com,Scented Candle,Home,2,11.99,23.98
#1019,2026-07-04,customer12@example.com,Ceramic Mug,Home,1,8.99,8.99
#1020,,customer20@example.com,Resistance Bands,Fitness,1,14.99,14.99
#1021,2026-07-05,customer29@example.com,Throw Blanket,Home,3,29.99,89.97
#1022,2026-07-05,customer5@example.com,Ceramic Mug,Home,2,8.99,17.98
#1023,2026-07-05,customer27@example.com,Phone Case,Electronics,2,9.99,19.98
#1024,2026-07-05,customer10@example.com,Yoga Mat,Fitness,1,19.99,19.99
#1025,2026-07-05,customer3@example.com,Running Shoes,Fitness,2,49.99,99.98
#1026,2026-07-05,customer21@example.com,Phone Case,Electronics,2,9.99,19.98
#1027,2026-07-05,customer23@example.com,Throw Blanket,Home,3,29.99,89.97
#1028,2026-07-05,customer30@example.com,Scented Candle,Home,2,11.99,23.98
#1029,2026-07-05,customer18@example.com,Phone Case,Electronics,1,9.99,9.99
#1030,2026-07-06,customer20@example.com,Phone Case,Electronics,1,9.99,9.99
#1031,2026-07-06,customer29@example.com,Scented Candle,Home,3,11.99,35.97
#1032,2026-07-06,customer25@example.com,Ceramic Mug,Home,3,8.99,26.97
#1033,2026-07-06,customer30@example.com,Throw Blanket,Home,1,29.99,29.99
#1034,2026-07-06,customer8@example.com,Throw Blanket,Home,1,29.99,29.99
#1035,2026-07-06,customer14@example.com,Running Shoes,Fitness,1,49.99,49.99
#1036,2026-07-06,customer16@example.com,Ceramic Mug,Home,1,8.99,8.99
#1037,2026-07-06,customer32@example.com,Desk Lamp,Home,2,22.5,45.0
#1038,2026-07-06,customer29@example.com,Phone Case,Electronics,1,9.99,9.99
#1039,2026-07-07,customer9@example.com,Bluetooth Speaker,Electronics,1,34.99,34.99
#1040,2026-07-07,customer18@example.com,Desk Lamp,Home,2,22.5,45.0
#1041,2026-07-07,customer25@example.com,Desk Lamp,Home,1,22.5,22.5
#1042,2026-07-07,customer6@example.com,Resistance Bands,Fitness,1,14.99,14.99
#1043,2026-07-07,customer15@example.com,Yoga Mat,Fitness,1,19.99,19.99
#1044,2026-07-07,customer32@example.com,Resistance Bands,Fitness,1,14.99,14.99
#1045,2026-07-07,customer17@example.com,Scented Candle,Home,1,11.99,11.99
#1046,2026-07-07,customer10@example.com,Ceramic Mug,Home,1,8.99,8.99
#1047,2026-07-08,customer21@example.com,Bluetooth Speaker,Electronics,1,34.99,34.99
#1048,2026-07-08,customer33@example.com,Yoga Mat,Fitness,3,19.99,59.97
#1049,2026-07-08,customer4@example.com,Scented Candle,Home,3,11.99,35.97
#1050,2026-07-08,customer26@example.com,Running Shoes,Fitness,3,49.99,149.97
#1051,2026-07-08,customer26@example.com,Desk Lamp,Home,2,22.5,45.0
#1052,2026-07-08,customer26@example.com,Phone Case,Electronics,2,9.99,19.98
#1053,2026-07-08,customer5@example.com,Wireless Earbuds,Electronics,1,24.99,24.99
#1054,2026-07-08,customer11@example.com,Resistance Bands,Fitness,2,14.99,29.98
#1055,2026-07-09,customer4@example.com,Throw Blanket,Home,2,29.99,59.98
#1056,2026-07-09,customer10@example.com,Phone Case,Electronics,1,9.99,9.99
#1057,2026-07-09,customer24@example.com,Bluetooth Speaker,Electronics,1,34.99,34.99
#1058,2026-07-10,customer25@example.com,Phone Case,Electronics,1,9.99,9.99
#1059,2026-07-10,customer17@example.com,Yoga Mat,Fitness,3,19.99,59.97
#1060,2026-07-11,customer31@example.com,Scented Candle,Home,1,11.99,11.99
#1061,2026-07-11,customer32@example.com,Phone Case,Electronics,1,9.99,9.99
#1062,2026-07-11,customer31@example.com,Running Shoes,Fitness,2,49.99,99.98
#1063,2026-07-11,customer10@example.com,Ceramic Mug,Home,1,8.99,8.99
#1064,2026-07-11,customer22@example.com,Phone Case,Electronics,3,9.99,29.97
#1065,2026-07-11,customer11@example.com,Ceramic Mug,Home,2,8.99,17.98
#1066,2026-07-11,customer14@example.com,Bluetooth Speaker,Electronics,1,34.99,34.99
#1067,2026-07-12,customer35@example.com,Yoga Mat,Fitness,3,19.99,59.97
#1068,2026-07-12,customer20@example.com,Wireless Earbuds,Electronics,2,24.99,49.98
#1069,2026-07-12,customer17@example.com,Phone Case,Electronics,3,9.99,29.97
#1070,2026-07-12,customer11@example.com,Bluetooth Speaker,Electronics,1,34.99,34.99
#1071,2026-07-12,customer35@example.com,Throw Blanket,Home,1,29.99,29.99
#1072,2026-07-12,customer22@example.com,Bluetooth Speaker,Electronics,2,34.99,69.98
#1073,2026-07-12,customer13@example.com,Resistance Bands,Fitness,2,14.99,29.98
#1074,2026-07-13,customer15@example.com,Desk Lamp,Home,3,22.5,67.5
#1075,2026-07-13,customer32@example.com,Resistance Bands,Fitness,2,14.99,29.98
#1076,2026-07-13,customer2@example.com,Throw Blanket,Home,3,29.99,89.97
#1077,2026-07-13,customer31@example.com,Wireless Earbuds,Electronics,1,24.99,24.99
#1078,2026-07-13,customer23@example.com,Ceramic Mug,Home,1,8.99,8.99
#1079,2026-07-14,customer6@example.com,Throw Blanket,Home,1,29.99,29.99
#1080,2026-07-14,customer15@example.com,Resistance Bands,Fitness,1,14.99,14.99
#1081,2026-07-14,customer22@example.com,Running Shoes,Fitness,1,49.99,49.99
#1082,2026-07-14,customer1@example.com,Resistance Bands,Fitness,2,14.99,29.98
#1083,2026-07-14,customer23@example.com,Running Shoes,Fitness,3,49.99,149.97
#1084,2026-07-14,customer8@example.com,Phone Case,Electronics,3,9.99,29.97
#1085,2026-07-14,customer13@example.com,Desk Lamp,Home,3,22.5,67.5
#1086,2026-07-14,customer28@example.com,Running Shoes,Fitness,1,49.99,49.99
#1087,2026-07-14,customer26@example.com,Throw Blanket,Home,1,29.99,29.99
#1088,2026-07-15,customer6@example.com,Desk Lamp,Home,3,22.5,67.5
#1089,2026-07-15,customer9@example.com,Yoga Mat,Fitness,1,19.99,19.99
#1090,2026-07-15,customer30@example.com,Wireless Earbuds,Electronics,1,24.99,24.99
#1091,2026-07-15,customer31@example.com,Yoga Mat,Fitness,2,19.99,39.98
#1092,2026-07-15,customer9@example.com,Throw Blanket,Home,1,29.99,29.99
#1093,2026-07-15,customer7@example.com,Wireless Earbuds,Electronics,1,24.99,24.99
#1094,2026-07-15,customer9@example.com,Bluetooth Speaker,Electronics,3,34.99,104.97
#1095,2026-07-15,customer14@example.com,Desk Lamp,Home,1,22.5,22.5
#1096,2026-07-15,customer14@example.com,Wireless Earbuds,Electronics,1,24.99,24.99
#1097,2026-07-16,customer21@example.com,Bluetooth Speaker,Electronics,1,34.99,34.99
#1098,2026-07-16,customer27@example.com,Ceramic Mug,Home,2,8.99,17.98
#1099,2026-07-16,customer23@example.com,Yoga Mat,Fitness,1,19.99,19.99
#1100,2026-07-16,customer34@example.com,Running Shoes,Fitness,3,49.99,149.97
#1101,2026-07-16,customer9@example.com,Desk Lamp,Home,2,22.5,45.0
#1102,2026-07-16,customer34@example.com,Bluetooth Speaker,Electronics,1,34.99,34.99
#1103,2026-07-17,customer1@example.com,Running Shoes,Fitness,1,49.99,49.99
#1104,2026-07-17,customer10@example.com,Yoga Mat,Fitness,1,19.99,19.99
#1105,2026-07-18,customer8@example.com,Scented Candle,Home,3,11.99,35.97
#1106,2026-07-18,customer21@example.com,Bluetooth Speaker,Electronics,1,34.99,34.99
#1107,2026-07-18,customer31@example.com,Bluetooth Speaker,Electronics,2,34.99,69.98
#1108,2026-07-18,customer4@example.com,Phone Case,Electronics,2,9.99,19.98
#1109,2026-07-18,customer18@example.com,Resistance Bands,Fitness,1,14.99,14.99
#1110,2026-07-18,customer33@example.com,Wireless Earbuds,Electronics,1,24.99,24.99
#1111,2026-07-18,customer2@example.com,Running Shoes,Fitness,2,49.99,99.98
#1112,2026-07-18,customer21@example.com,Phone Case,Electronics,2,9.99,19.98
#1113,2026-07-18,customer33@example.com,Scented Candle,Home,2,11.99,23.98
#1114,2026-07-19,customer33@example.com,Ceramic Mug,Home,2,8.99,17.98
#1115,2026-07-19,customer33@example.com,Bluetooth Speaker,Electronics,2,34.99,69.98
#1116,2026-07-19,customer34@example.com,Resistance Bands,Fitness,3,14.99,44.97
#1117,2026-07-19,customer13@example.com,Ceramic Mug,Home,2,8.99,17.98
#1118,2026-07-19,customer27@example.com,Running Shoes,Fitness,1,49.99,49.99
#1119,2026-07-20,customer21@example.com,Desk Lamp,Home,2,22.5,45.0
#1120,2026-07-20,customer16@example.com,Phone Case,Electronics,3,9.99,29.97
#1121,2026-07-20,customer14@example.com,Desk Lamp,Home,1,22.5,22.5
#1122,2026-07-21,customer24@example.com,Phone Case,Electronics,1,9.99,9.99
#1123,2026-07-21,customer9@example.com,Yoga Mat,Fitness,1,19.99,19.99
#1124,2026-07-21,customer7@example.com,Running Shoes,Fitness,1,49.99,49.99
#1125,2026-07-21,customer11@example.com,Desk Lamp,Home,2,22.5,45.0
#1126,2026-07-21,customer28@example.com,Resistance Bands,Fitness,1,14.99,14.99
#1127,2026-07-21,customer22@example.com,Bluetooth Speaker,Electronics,2,34.99,69.98
#1128,2026-07-22,customer21@example.com,Resistance Bands,Fitness,1,14.99,14.99
#1129,2026-07-22,customer24@example.com,Phone Case,Electronics,3,9.99,29.97
#1130,2026-07-22,customer30@example.com,Wireless Earbuds,Electronics,1,24.99,24.99
#1131,2026-07-22,customer2@example.com,Running Shoes,Fitness,3,49.99,149.97
#1132,2026-07-22,customer34@example.com,Desk Lamp,Home,1,22.5,22.5
#1133,2026-07-22,customer33@example.com,Scented Candle,Home,1,11.99,11.99
#1134,2026-07-22,customer15@example.com,Phone Case,Electronics,1,9.99,9.99
#1135,2026-07-22,customer17@example.com,Phone Case,Electronics,1,9.99,9.99
#1136,2026-07-23,customer18@example.com,Wireless Earbuds,Electronics,1,24.99,24.99
#1137,2026-07-23,customer17@example.com,Yoga Mat,Fitness,2,19.99,39.98
#1138,2026-07-23,customer35@example.com,Desk Lamp,Home,1,22.5,22.5
#1139,2026-07-23,customer32@example.com,Bluetooth Speaker,Electronics,2,34.99,69.98
#1140,2026-07-23,customer18@example.com,Throw Blanket,Home,1,29.99,29.99
#1141,2026-07-23,customer12@example.com,Wireless Earbuds,Electronics,3,24.99,74.97
#1142,2026-07-24,customer2@example.com,Phone Case,Electronics,1,9.99,9.99
#1143,2026-07-24,customer6@example.com,Phone Case,Electronics,1,9.99,9.99
#1144,2026-07-24,customer5@example.com,Scented Candle,Home,1,11.99,11.99
#1145,2026-07-24,customer30@example.com,Ceramic Mug,Home,1,8.99,8.99
#1146,2026-07-24,customer27@example.com,Wireless Earbuds,Electronics,1,24.99,24.99
#1147,2026-07-24,customer9@example.com,Ceramic Mug,Home,2,8.99,17.98
#1148,2026-07-24,customer16@example.com,Wireless Earbuds,Electronics,2,24.99,49.98
#1149,2026-07-24,customer17@example.com,Phone Case,Electronics,1,9.99,9.99
#1150,2026-07-25,customer20@example.com,Yoga Mat,Fitness,1,19.99,19.99
#1151,2026-07-25,customer14@example.com,Ceramic Mug,Home,2,8.99,17.98
#1152,2026-07-26,customer12@example.com,Running Shoes,Fitness,2,49.99,99.98
#1153,2026-07-26,customer2@example.com,Ceramic Mug,Home,1,8.99,8.99
#1154,2026-07-26,customer1@example.com,Ceramic Mug,Home,1,8.99,8.99
#1155,2026-07-26,customer33@example.com,Wireless Earbuds,Electronics,3,24.99,74.97
#1156,2026-07-26,customer33@example.com,Bluetooth Speaker,Electronics,1,34.99,34.99
#1157,2026-07-26,customer29@example.com,Running Shoes,Fitness,1,49.99,49.99
#1158,2026-07-27,customer32@example.com,Desk Lamp,Home,3,22.5,67.5
#1159,2026-07-27,customer33@example.com,Bluetooth Speaker,Electronics,2,34.99,69.98
#1160,2026-07-27,customer14@example.com,Ceramic Mug,Home,3,8.99,26.97
#1161,2026-07-28,customer9@example.com,Throw Blanket,Home,1,29.99,29.99
#1162,2026-07-28,customer4@example.com,Desk Lamp,Home,1,22.5,22.5
#1163,2026-07-28,customer5@example.com,Yoga Mat,Fitness,1,19.99,19.99
#1164,2026-07-28,customer11@example.com,Ceramic Mug,Home,2,8.99,17.98
#1165,2026-07-28,customer25@example.com,Wireless Earbuds,Electronics,1,24.99,24.99
#1166,2026-07-29,customer19@example.com,Scented Candle,Home,1,11.99,11.99
#1167,2026-07-29,customer12@example.com,Wireless Earbuds,Electronics,2,24.99,49.98
#1168,2026-07-29,customer29@example.com,Yoga Mat,Fitness,1,19.99,19.99
#1169,2026-07-29,customer24@example.com,Wireless Earbuds,Electronics,1,24.99,24.99
#1170,2026-07-29,customer21@example.com,Throw Blanket,Home,2,29.99,59.98
#1171,2026-07-29,customer20@example.com,Resistance Bands,Fitness,1,14.99,14.99
#1172,2026-07-30,customer1@example.com,Throw Blanket,Home,1,29.99,29.99
#1173,2026-07-30,customer6@example.com,Throw Blanket,Home,2,29.99,59.98
#1174,2026-07-30,customer33@example.com,Running Shoes,Fitness,1,49.99,49.99
#1175,2026-07-30,customer33@example.com,Resistance Bands,Fitness,1,14.99,14.99
#1176,2026-07-30,customer17@example.com,Wireless Earbuds,Electronics,1,24.99,24.99
#1177,2026-07-31,customer3@example.com,Yoga Mat,Fitness,2,19.99,39.98
#1178,2026-07-31,customer20@example.com,Desk Lamp,Home,1,22.5,22.5
#1179,2026-07-31,customer15@example.com,Ceramic Mug,Home,3,8.99,26.97
#1180,2026-08-01,customer10@example.com,Scented Candle,Home,2,11.99,23.98
#1181,2026-08-01,customer21@example.com,Scented Candle,Home,2,11.99,23.98
#1182,2026-08-01,customer19@example.com,Running Shoes,Fitness,1,49.99,49.99
#1183,2026-08-02,customer33@example.com,Wireless Earbuds,Electronics,3,24.99,74.97
#1184,2026-08-02,customer33@example.com,Desk Lamp,Home,3,22.5,67.5
#1185,2026-08-02,customer33@example.com,Yoga Mat,Fitness,2,19.99,39.98
#1186,2026-08-02,customer15@example.com,Scented Candle,Home,1,11.99,11.99
#1187,2026-08-03,customer9@example.com,Wireless Earbuds,Electronics,1,24.99,24.99
#1188,2026-08-03,customer25@example.com,Throw Blanket,Home,1,29.99,29.99
#1189,2026-08-03,customer4@example.com,Running Shoes,Fitness,2,49.99,99.98
#1190,2026-08-04,customer16@example.com,Bluetooth Speaker,Electronics,3,34.99,104.97
#1191,2026-08-04,customer1@example.com,Running Shoes,Fitness,1,49.99,49.99
#1192,2026-08-05,customer33@example.com,Phone Case,Electronics,3,9.99,29.97
#1193,2026-08-05,customer34@example.com,Bluetooth Speaker,Electronics,1,34.99,34.99
#1194,2026-08-05,customer31@example.com,Phone Case,Electronics,3,9.99,29.97
#1195,2026-08-05,customer17@example.com,Ceramic Mug,Home,1,8.99,8.99
#1196,2026-08-05,customer14@example.com,Resistance Bands,Fitness,3,14.99,44.97
#1197,2026-08-05,customer30@example.com,Resistance Bands,Fitness,3,14.99,44.97
#1198,2026-08-05,customer5@example.com,Running Shoes,Fitness,2,49.99,99.98
#1199,2026-08-05,customer19@example.com,Running Shoes,Fitness,3,49.99,149.97
#1200,2026-08-05,customer13@example.com,Wireless Earbuds,Electronics,2,24.99,49.98
#1201,2026-08-06,customer22@example.com,Scented Candle,Home,1,11.99,11.99
#1202,2026-08-06,customer20@example.com,Ceramic Mug,Home,3,8.99,26.97
#1203,2026-08-06,customer9@example.com,Scented Candle,Home,2,11.99,23.98
#1204,2026-08-07,customer32@example.com,Running Shoes,Fitness,1,49.99,49.99
#1205,2026-08-07,customer7@example.com,Ceramic Mug,Home,3,8.99,26.97
#1206,2026-08-08,customer34@example.com,Running Shoes,Fitness,1,49.99,49.99
#1207,2026-08-08,customer30@example.com,Ceramic Mug,Home,2,8.99,17.98
#1208,2026-08-08,customer13@example.com,Running Shoes,Fitness,1,49.99,49.99
#1209,2026-08-08,customer31@example.com,Ceramic Mug,Home,1,8.99,8.99
#1210,2026-08-08,customer30@example.com,Wireless Earbuds,Electronics,1,24.99,24.99
#1211,2026-08-09,customer18@example.com,Bluetooth Speaker,Electronics,2,34.99,69.98
#1212,2026-08-09,customer14@example.com,Desk Lamp,Home,1,22.5,22.5
#1213,2026-08-09,customer6@example.com,Phone Case,Electronics,2,9.99,19.98
#1214,2026-08-10,customer24@example.com,Bluetooth Speaker,Electronics,1,34.99,34.99
#1215,2026-08-10,customer33@example.com,Yoga Mat,Fitness,2,19.99,39.98
#1216,2026-08-10,customer24@example.com,Ceramic Mug,Home,1,8.99,8.99
#1217,2026-08-10,customer32@example.com,Resistance Bands,Fitness,2,14.99,29.98
#1218,2026-08-11,customer1@example.com,Wireless Earbuds,Electronics,1,24.99,24.99
#1219,2026-08-11,customer29@example.com,Running Shoes,Fitness,3,49.99,149.97
#1220,2026-08-11,customer10@example.com,Desk Lamp,Home,1,22.5,22.5
#1221,2026-08-11,customer25@example.com,Desk Lamp,Home,1,22.5,22.5
#1222,2026-08-11,customer22@example.com,Throw Blanket,Home,1,29.99,29.99
#1223,2026-08-11,customer22@example.com,Wireless Earbuds,Electronics,1,24.99,24.99
#1224,2026-08-11,customer13@example.com,Desk Lamp,Home,1,22.5,22.5
#1225,2026-08-11,customer19@example.com,Wireless Earbuds,Electronics,3,24.99,74.97
#1226,2026-08-12,customer26@example.com,Throw Blanket,Home,1,29.99,29.99
#1227,2026-08-12,customer5@example.com,Desk Lamp,Home,2,22.5,45.0
#1228,2026-08-12,customer18@example.com,Throw Blanket,Home,2,29.99,59.98
#1229,2026-08-12,customer7@example.com,Wireless Earbuds,Electronics,1,24.99,24.99
#1230,2026-08-12,customer19@example.com,Wireless Earbuds,Electronics,3,24.99,74.97
#1231,2026-08-12,customer18@example.com,Yoga Mat,Fitness,1,19.99,19.99
#1232,2026-08-13,customer13@example.com,Bluetooth Speaker,Electronics,1,34.99,34.99
#1233,2026-08-13,customer2@example.com,Throw Blanket,Home,2,29.99,59.98
#1234,2026-08-13,customer14@example.com,Desk Lamp,Home,2,22.5,45.0
#1235,2026-08-13,customer27@example.com,Phone Case,Electronics,1,9.99,9.99
#1236,2026-08-13,customer9@example.com,Running Shoes,Fitness,2,49.99,99.98
#1237,2026-08-13,customer4@example.com,Ceramic Mug,Home,2,8.99,17.98
#1238,2026-08-13,customer11@example.com,Bluetooth Speaker,Electronics,1,34.99,34.99
#1239,2026-08-13,customer22@example.com,Running Shoes,Fitness,2,49.99,99.98
#1240,2026-08-14,customer17@example.com,Ceramic Mug,Home,1,8.99,8.99
#1241,2026-08-14,customer16@example.com,Desk Lamp,Home,3,22.5,67.5
#1242,2026-08-14,customer26@example.com,Ceramic Mug,Home,2,8.99,17.98
#1243,2026-08-14,customer11@example.com,Phone Case,Electronics,1,9.99,9.99
#1244,2026-08-14,customer33@example.com,Phone Case,Electronics,1,9.99,9.99
#1245,2026-08-14,customer15@example.com,Running Shoes,Fitness,2,49.99,99.98
#1246,2026-08-15,customer28@example.com,Throw Blanket,Home,2,29.99,59.98
#1247,2026-08-15,customer13@example.com,Yoga Mat,Fitness,2,19.99,39.98
#1248,2026-08-15,customer12@example.com,Resistance Bands,Fitness,1,14.99,14.99
#1249,2026-08-15,customer6@example.com,Throw Blanket,Home,2,29.99,59.98
#1250,2026-08-15,customer24@example.com,Throw Blanket,Home,1,29.99,29.99
#1251,2026-08-15,customer13@example.com,Ceramic Mug,Home,2,8.99,17.98
#1252,2026-08-15,customer27@example.com,Wireless Earbuds,Electronics,3,24.99,74.97
#1253,2026-08-15,customer34@example.com,Desk Lamp,Home,2,22.5,45.0
#1254,2026-08-15,customer18@example.com,Resistance Bands,Fitness,2,14.99,29.98
#1255,2026-08-16,customer18@example.com,Wireless Earbuds,Electronics,2,24.99,49.98
#1256,2026-08-16,customer9@example.com,Scented Candle,Home,1,11.99,11.99
#1257,2026-08-16,customer14@example.com,Bluetooth Speaker,Electronics,2,34.99,69.98
#1258,2026-08-16,customer16@example.com,Phone Case,Electronics,1,9.99,9.99
#1259,2026-08-16,customer29@example.com,Desk Lamp,Home,2,22.5,45.0
#1260,2026-08-16,customer2@example.com,Desk Lamp,Home,1,22.5,22.5
#1261,2026-08-16,customer28@example.com,Yoga Mat,Fitness,1,19.99,19.99
#1262,2026-08-17,customer1@example.com,Scented Candle,Home,2,11.99,23.98
#1263,2026-08-17,customer34@example.com,Phone Case,Electronics,2,9.99,19.98
#1264,2026-08-17,customer16@example.com,Running Shoes,Fitness,2,49.99,99.98
#1265,2026-08-17,customer10@example.com,Phone Case,Electronics,1,9.99,9.99
#1266,2026-08-17,customer7@example.com,Yoga Mat,Fitness,2,19.99,39.98
#1267,2026-08-17,customer3@example.com,Running Shoes,Fitness,1,49.99,49.99
#1268,2026-08-17,customer15@example.com,Wireless Earbuds,Electronics,1,24.99,24.99
#1269,2026-08-17,customer20@example.com,Scented Candle,Home,1,11.99,11.99
#1270,2026-08-17,customer17@example.com,Yoga Mat,Fitness,3,19.99,59.97
#1271,2026-08-18,customer5@example.com,Phone Case,Electronics,1,9.99,9.99
#1272,2026-08-18,customer13@example.com,Ceramic Mug,Home,2,8.99,17.98
#1273,2026-08-18,customer15@example.com,Desk Lamp,Home,1,22.5,22.5
#1274,2026-08-18,customer1@example.com,Scented Candle,Home,1,11.99,11.99
#1275,2026-08-18,customer30@example.com,Bluetooth Speaker,Electronics,1,34.99,34.99
#1276,2026-08-18,customer16@example.com,Ceramic Mug,Home,1,8.99,8.99
#1277,2026-08-18,customer16@example.com,Running Shoes,Fitness,2,49.99,99.98
#1278,2026-08-18,customer2@example.com,Bluetooth Speaker,Electronics,1,34.99,34.99
#1279,2026-08-19,customer2@example.com,Ceramic Mug,Home,1,8.99,8.99
#1280,2026-08-19,customer27@example.com,Resistance Bands,Fitness,2,14.99,29.98
#1281,2026-08-19,customer15@example.com,Phone Case,Electronics,1,9.99,9.99
#1282,2026-08-19,customer15@example.com,Desk Lamp,Home,1,22.5,22.5
#1283,2026-08-19,customer22@example.com,Running Shoes,Fitness,1,49.99,49.99
#1284,2026-08-19,customer26@example.com,Desk Lamp,Home,1,22.5,22.5
#1285,2026-08-19,customer19@example.com,Resistance Bands,Fitness,1,14.99,14.99
#1286,2026-08-19,customer14@example.com,Bluetooth Speaker,Electronics,1,34.99,34.99
#1287,2026-08-20,customer13@example.com,Resistance Bands,Fitness,1,14.99,14.99
#1288,2026-08-20,customer15@example.com,Resistance Bands,Fitness,2,14.99,29.98
#1289,2026-08-20,customer7@example.com,Ceramic Mug,Home,1,8.99,8.99
#1290,2026-08-20,customer12@example.com,Scented Candle,Home,2,11.99,23.98
#1291,2026-08-20,customer27@example.com,Resistance Bands,Fitness,2,14.99,29.98
#1292,2026-08-20,customer10@example.com,Wireless Earbuds,Electronics,2,24.99,49.98
#1293,2026-08-20,customer14@example.com,Desk Lamp,Home,1,22.5,22.5
#1294,2026-08-20,customer10@example.com,Wireless Earbuds,Electronics,2,24.99,49.98
#1295,2026-08-20,customer4@example.com,Desk Lamp,Home,1,22.5,22.5
#1296,2026-08-21,customer21@example.com,Desk Lamp,Home,2,22.5,45.0
#1297,2026-08-21,customer11@example.com,Phone Case,Electronics,1,9.99,9.99
#1298,2026-08-21,customer12@example.com,Throw Blanket,Home,1,29.99,29.99
#1299,2026-08-21,customer30@example.com,Bluetooth Speaker,Electronics,3,34.99,104.97
#1300,2026-08-22,customer25@example.com,Ceramic Mug,Home,3,8.99,26.97
#1301,2026-08-22,customer29@example.com,Throw Blanket,Home,1,29.99,29.99
#1302,2026-08-23,customer6@example.com,Phone Case,Electronics,1,9.99,9.99
#1303,2026-08-23,customer23@example.com,Ceramic Mug,Home,1,8.99,8.99
#1304,2026-08-23,customer14@example.com,Desk Lamp,Home,1,22.5,22.5
#1305,2026-08-23,customer20@example.com,Desk Lamp,Home,1,22.5,22.5
#1306,2026-08-24,customer31@example.com,Phone Case,Electronics,1,9.99,9.99
#1307,2026-08-24,customer35@example.com,Resistance Bands,Fitness,1,14.99,14.99
#1308,2026-08-24,customer21@example.com,Running Shoes,Fitness,1,49.99,49.99
#1309,2026-08-24,customer31@example.com,Throw Blanket,Home,3,29.99,89.97
#1310,2026-08-24,customer27@example.com,Wireless Earbuds,Electronics,3,24.99,74.97
#1311,2026-08-24,customer26@example.com,Resistance Bands,Fitness,3,14.99,44.97
#1312,2026-08-24,customer3@example.com,Wireless Earbuds,Electronics,2,24.99,49.98
#1313,2026-08-24,customer4@example.com,Running Shoes,Fitness,1,49.99,49.99
#1314,2026-08-25,customer5@example.com,Resistance Bands,Fitness,3,14.99,44.97
#1315,2026-08-25,customer24@example.com,Scented Candle,Home,1,11.99,11.99
#1316,2026-08-25,customer3@example.com,Ceramic Mug,Home,1,8.99,8.99
#1317,2026-08-25,customer21@example.com,Ceramic Mug,Home,3,8.99,26.97
#1318,2026-08-25,customer1@example.com,Ceramic Mug,Home,1,8.99,8.99
#1319,2026-08-25,customer5@example.com,Scented Candle,Home,3,11.99,35.97
#1320,2026-08-26,customer31@example.com,Resistance Bands,Fitness,1,14.99,14.99
#1321,2026-08-26,customer17@example.com,Running Shoes,Fitness,2,49.99,99.98
#1322,2026-08-27,customer32@example.com,Running Shoes,Fitness,1,49.99,49.99
#1323,2026-08-27,customer20@example.com,Yoga Mat,Fitness,1,19.99,19.99
#1324,2026-08-27,customer16@example.com,Yoga Mat,Fitness,2,19.99,39.98
#1325,2026-08-27,customer30@example.com,Throw Blanket,Home,1,29.99,29.99
#1326,2026-08-27,customer6@example.com,Throw Blanket,Home,2,29.99,59.98
#1327,2026-08-27,customer26@example.com,Bluetooth Speaker,Electronics,1,34.99,34.99
#1328,2026-08-27,customer27@example.com,Yoga Mat,Fitness,1,19.99,19.99
#1329,2026-08-27,customer3@example.com,Phone Case,Electronics,3,9.99,29.97
#1330,2026-08-28,customer21@example.com,Bluetooth Speaker,Electronics,2,34.99,69.98
#1331,2026-08-28,customer7@example.com,Yoga Mat,Fitness,2,19.99,39.98
#1332,2026-08-28,customer6@example.com,Phone Case,Electronics,1,9.99,9.99
#1333,2026-08-28,customer27@example.com,Resistance Bands,Fitness,1,14.99,14.99
#1334,2026-08-28,customer29@example.com,Running Shoes,Fitness,3,49.99,149.97
#1335,2026-08-28,customer9@example.com,Yoga Mat,Fitness,1,19.99,19.99
#1336,2026-08-28,customer16@example.com,Desk Lamp,Home,2,22.5,45.0
#1337,2026-08-28,customer8@example.com,Bluetooth Speaker,Electronics,3,34.99,104.97
#1338,2026-08-28,customer18@example.com,Ceramic Mug,Home,1,8.99,8.99
#1339,2026-08-29,customer17@example.com,Throw Blanket,Home,1,29.99,29.99
#1340,2026-08-29,customer16@example.com,Resistance Bands,Fitness,2,14.99,29.98
#1341,2026-08-29,customer16@example.com,Yoga Mat,Fitness,1,19.99,19.99
#1342,2026-08-29,customer13@example.com,Yoga Mat,Fitness,1,19.99,19.99
#1343,2026-08-29,customer26@example.com,Throw Blanket,Home,1,29.99,29.99
#1344,2026-08-29,customer33@example.com,Ceramic Mug,Home,1,8.99,8.99
#1345,2026-08-30,customer30@example.com,Phone Case,Electronics,3,9.99,29.97
#1346,2026-08-30,customer1@example.com,Wireless Earbuds,Electronics,1,24.99,24.99
#1347,2026-08-30,customer29@example.com,Running Shoes,Fitness,1,49.99,49.99
#1348,2026-08-30,customer19@example.com,Throw Blanket,Home,1,29.99,29.99
#1349,2026-08-30,customer4@example.com,Resistance Bands,Fitness,1,14.99,14.99
#1350,2026-08-31,customer13@example.com,Scented Candle,Home,2,11.99,23.98
#1351,2026-08-31,customer33@example.com,Phone Case,Electronics,1,9.99,9.99
#1352,2026-08-31,customer17@example.com,Yoga Mat,Fitness,2,19.99,39.98
#1353,2026-08-31,customer23@example.com,Wireless Earbuds,Electronics,1,24.99,24.99
#1354,2026-08-31,customer24@example.com,Resistance Bands,Fitness,1,14.99,14.99
#1355,2026-09-01,customer14@example.com,Yoga Mat,Fitness,1,19.99,19.99
#1356,2026-09-01,customer14@example.com,Ceramic Mug,Home,1,8.99,8.99
#1357,2026-09-01,customer27@example.com,Wireless Earbuds,Electronics,1,24.99,24.99
#1358,2026-09-01,customer20@example.com,Throw Blanket,Home,1,29.99,29.99
#1359,2026-09-01,customer3@example.com,Phone Case,Electronics,1,9.99,9.99
#1360,2026-09-01,customer31@example.com,Running Shoes,Fitness,2,49.99,99.98
#1361,2026-09-01,customer7@example.com,Phone Case,Electronics,2,9.99,19.98
#1362,2026-09-02,customer35@example.com,Bluetooth Speaker,Electronics,1,34.99,34.99
#1363,2026-09-02,customer11@example.com,Phone Case,Electronics,3,9.99,29.97
#1364,2026-09-02,customer18@example.com,Desk Lamp,Home,3,22.5,67.5
#1365,2026-09-02,customer20@example.com,Desk Lamp,Home,1,22.5,22.5
#1366,2026-09-02,customer20@example.com,Desk Lamp,Home,1,22.5,22.5
#1367,2026-09-02,customer27@example.com,Scented Candle,Home,1,11.99,11.99
#1368,2026-09-02,customer24@example.com,Desk Lamp,Home,1,22.5,22.5
#1369,2026-09-02,customer26@example.com,Resistance Bands,Fitness,2,14.99,29.98
#1370,2026-09-03,customer11@example.com,Wireless Earbuds,Electronics,2,24.99,49.98
#1371,2026-09-03,customer6@example.com,Desk Lamp,Home,1,22.5,22.5
#1372,2026-09-03,customer24@example.com,Desk Lamp,Home,2,22.5,45.0
#1373,2026-09-03,customer9@example.com,Running Shoes,Fitness,1,49.99,49.99
#1374,2026-09-03,customer10@example.com,Wireless Earbuds,Electronics,1,24.99,24.99
#1375,2026-09-04,customer24@example.com,Phone Case,Electronics,2,9.99,19.98
#1376,2026-09-04,customer10@example.com,Bluetooth Speaker,Electronics,1,34.99,34.99
#1377,2026-09-04,customer11@example.com,Throw Blanket,Home,1,29.99,29.99
#1378,2026-09-04,customer5@example.com,Bluetooth Speaker,Electronics,1,34.99,34.99
#1379,2026-09-04,customer32@example.com,Phone Case,Electronics,2,9.99,19.98
#1380,2026-09-04,customer9@example.com,Resistance Bands,Fitness,1,14.99,14.99
#1381,2026-09-04,customer21@example.com,Wireless Earbuds,Electronics,2,24.99,49.98
#1382,2026-09-04,customer25@example.com,Wireless Earbuds,Electronics,2,24.99,49.98
#1383,2026-09-05,customer11@example.com,Scented Candle,Home,3,11.99,35.97
#1384,2026-09-05,customer26@example.com,Resistance Bands,Fitness,2,14.99,29.98
#1385,2026-09-05,customer31@example.com,Scented Candle,Home,1,11.99,11.99
#1386,2026-09-06,customer3@example.com,Scented Candle,Home,1,11.99,11.99
#1387,2026-09-06,customer11@example.com,Desk Lamp,Home,2,22.5,45.0
#1388,2026-09-06,customer8@example.com,Desk Lamp,Home,1,22.5,22.5
#1389,2026-09-06,customer13@example.com,Yoga Mat,Fitness,1,19.99,19.99
#1390,2026-09-07,customer3@example.com,Bluetooth Speaker,Electronics,3,34.99,104.97
#1391,2026-09-07,customer25@example.com,Throw Blanket,Home,1,29.99,29.99
#1392,2026-09-08,customer20@example.com,Bluetooth Speaker,Electronics,3,34.99,104.97
#1393,2026-09-08,customer16@example.com,Desk Lamp,Home,1,22.5,22.5
#1394,2026-09-08,customer24@example.com,Desk Lamp,Home,2,22.5,45.0
#1395,2026-09-08,customer29@example.com,Running Shoes,Fitness,2,49.99,99.98
#1396,2026-09-08,customer1@example.com,Yoga Mat,Fitness,1,19.99,19.99
#1397,2026-09-08,customer30@example.com,Scented Candle,Home,2,11.99,23.98
#1398,2026-09-08,customer30@example.com,Resistance Bands,Fitness,2,14.99,29.98
#1399,2026-09-08,customer26@example.com,Yoga Mat,Fitness,2,19.99,39.98
#1400,2026-09-08,customer9@example.com,Phone Case,Electronics,1,9.99,9.99
#1401,2026-09-09,customer6@example.com,Desk Lamp,Home,1,22.5,22.5
#1402,2026-09-09,customer33@example.com,Running Shoes,Fitness,2,49.99,99.98
#1403,2026-09-09,customer9@example.com,Wireless Earbuds,Electronics,1,24.99,24.99
#1404,2026-09-09,customer21@example.com,Phone Case,Electronics,3,9.99,29.97
#1405,2026-09-09,customer4@example.com,Bluetooth Speaker,Electronics,1,34.99,34.99
#1406,2026-09-09,customer9@example.com,Bluetooth Speaker,Electronics,2,34.99,69.98
#1407,2026-09-09,customer8@example.com,Wireless Earbuds,Electronics,1,24.99,24.99
#1408,2026-09-10,customer19@example.com,Yoga Mat,Fitness,2,19.99,39.98
#1409,2026-09-10,customer15@example.com,Yoga Mat,Fitness,3,19.99,59.97
#1410,2026-09-10,customer17@example.com,Phone Case,Electronics,1,9.99,9.99
#1411,2026-09-10,customer18@example.com,Yoga Mat,Fitness,1,19.99,19.99
#1412,2026-09-10,customer17@example.com,Running Shoes,Fitness,1,49.99,49.99
#1413,2026-09-11,customer17@example.com,Resistance Bands,Fitness,2,14.99,29.98
#1414,2026-09-11,customer16@example.com,Scented Candle,Home,2,11.99,23.98
#1415,2026-09-11,customer3@example.com,Throw Blanket,Home,1,29.99,29.99
#1416,2026-09-11,customer26@example.com,Resistance Bands,Fitness,1,14.99,14.99
#1417,2026-09-11,customer18@example.com,Yoga Mat,Fitness,3,19.99,59.97
#1418,2026-09-11,customer11@example.com,Throw Blanket,Home,2,29.99,59.98
#1419,2026-09-11,customer34@example.com,Ceramic Mug,Home,1,8.99,8.99
#1420,2026-09-11,customer24@example.com,Wireless Earbuds,Electronics,3,24.99,74.97
#1421,2026-09-11,customer34@example.com,Running Shoes,Fitness,2,49.99,99.98
#1422,2026-09-12,customer26@example.com,Ceramic Mug,Home,2,8.99,17.98
#1423,2026-09-12,customer25@example.com,Throw Blanket,Home,1,29.99,29.99
#1424,2026-09-12,customer10@example.com,Throw Blanket,Home,2,29.99,59.98
#1425,2026-09-13,customer29@example.com,Throw Blanket,Home,1,29.99,29.99
#1426,2026-09-13,customer4@example.com,Resistance Bands,Fitness,1,14.99,14.99
#1427,2026-09-13,customer17@example.com,Ceramic Mug,Home,2,8.99,17.98
#1428,2026-09-13,customer21@example.com,Ceramic Mug,Home,3,8.99,26.97
#1429,2026-09-13,customer3@example.com,Wireless Earbuds,Electronics,3,24.99,74.97
#1430,2026-09-13,customer19@example.com,Resistance Bands,Fitness,1,14.99,14.99
#1431,2026-09-13,customer28@example.com,Scented Candle,Home,3,11.99,35.97
#1432,2026-09-14,customer4@example.com,Bluetooth Speaker,Electronics,1,34.99,34.99
#1433,2026-09-14,customer15@example.com,Yoga Mat,Fitness,2,19.99,39.98
#1434,2026-09-14,customer3@example.com,Scented Candle,Home,3,11.99,35.97
#1435,2026-09-14,customer1@example.com,Wireless Earbuds,Electronics,1,24.99,24.99
#1436,2026-09-14,customer20@example.com,Scented Candle,Home,1,11.99,11.99
#1437,2026-09-14,customer23@example.com,Phone Case,Electronics,2,9.99,19.98
#1438,2026-09-14,customer27@example.com,Bluetooth Speaker,Electronics,1,34.99,34.99
#1439,2026-09-14,customer9@example.com,Scented Candle,Home,1,11.99,11.99
#1440,2026-09-15,customer31@example.com,Throw Blanket,Home,2,29.99,59.98
#1441,2026-09-15,customer1@example.com,Yoga Mat,Fitness,1,19.99,19.99
#1442,2026-09-15,customer10@example.com,Resistance Bands,Fitness,3,14.99,44.97
#1443,2026-09-15,customer5@example.com,Running Shoes,Fitness,1,49.99,49.99
#1444,2026-09-15,customer18@example.com,Yoga Mat,Fitness,3,19.99,59.97
#1445,2026-09-16,customer4@example.com,Ceramic Mug,Home,1,8.99,8.99
#1446,2026-09-16,customer29@example.com,Bluetooth Speaker,Electronics,1,34.99,34.99
#1447,2026-09-16,customer32@example.com,Scented Candle,Home,2,11.99,23.98
#1448,2026-09-16,customer1@example.com,Resistance Bands,Fitness,1,14.99,14.99
#1449,2026-09-16,customer35@example.com,Wireless Earbuds,Electronics,1,24.99,24.99
#1450,2026-09-16,customer12@example.com,Wireless Earbuds,Electronics,2,24.99,49.98
#1451,2026-09-16,customer4@example.com,Resistance Bands,Fitness,1,14.99,14.99
#1452,2026-09-16,customer13@example.com,Phone Case,Electronics,1,9.99,9.99
#1453,2026-09-17,customer34@example.com,Desk Lamp,Home,1,22.5,22.5
#1454,2026-09-17,customer33@example.com,Scented Candle,Home,3,11.99,35.97
#1455,2026-09-17,customer12@example.com,Desk Lamp,Home,2,22.5,45.0
#1456,2026-09-17,customer5@example.com,Bluetooth Speaker,Electronics,1,34.99,34.99
#1457,2026-09-18,customer31@example.com,Wireless Earbuds,Electronics,3,24.99,74.97
#1458,2026-09-18,customer25@example.com,Bluetooth Speaker,Electronics,1,34.99,34.99
#1459,2026-09-18,customer30@example.com,Desk Lamp,Home,3,22.5,67.5
#1460,2026-09-18,customer29@example.com,Phone Case,Electronics,3,9.99,29.97
#1461,2026-09-18,customer7@example.com,Yoga Mat,Fitness,1,19.99,19.99
#1462,2026-09-18,customer3@example.com,Ceramic Mug,Home,1,8.99,8.99
#1463,2026-09-19,customer17@example.com,Throw Blanket,Home,3,29.99,89.97
#1464,2026-09-19,customer28@example.com,Wireless Earbuds,Electronics,1,24.99,24.99
#1465,2026-09-19,customer19@example.com,Bluetooth Speaker,Electronics,1,34.99,34.99
#1466,2026-09-20,customer1@example.com,Phone Case,Electronics,2,9.99,19.98
#1467,2026-09-20,customer16@example.com,Yoga Mat,Fitness,1,19.99,19.99
#1468,2026-09-20,customer21@example.com,Resistance Bands,Fitness,1,14.99,14.99
#1469,2026-09-20,customer22@example.com,Resistance Bands,Fitness,2,14.99,29.98
#1470,2026-09-20,customer25@example.com,Scented Candle,Home,1,11.99,11.99
#1471,2026-09-21,customer1@example.com,Running Shoes,Fitness,2,49.99,99.98
#1472,2026-09-21,customer15@example.com,Wireless Earbuds,Electronics,2,24.99,49.98
#1473,2026-09-21,customer14@example.com,Scented Candle,Home,1,11.99,11.99
#1474,2026-09-21,customer5@example.com,Desk Lamp,Home,2,22.5,45.0
#1475,2026-09-21,customer10@example.com,Scented Candle,Home,1,11.99,11.99
#1476,2026-09-21,customer8@example.com,Wireless Earbuds,Electronics,1,24.99,24.99
#1477,2026-09-21,customer11@example.com,Phone Case,Electronics,2,9.99,19.98
#1478,2026-09-21,customer2@example.com,Throw Blanket,Home,1,29.99,29.99
#1479,2026-09-21,customer9@example.com,Wireless Earbuds,Electronics,1,24.99,24.99
#1480,2026-09-22,customer3@example.com,Phone Case,Electronics,3,9.99,29.97
#1481,2026-09-22,customer24@example.com,Phone Case,Electronics,2,9.99,19.98
#1482,2026-09-23,customer5@example.com,Bluetooth Speaker,Electronics,3,34.99,104.97
#1483,2026-09-23,customer16@example.com,Desk Lamp,Home,1,22.5,22.5
#1484,2026-09-23,customer8@example.com,Resistance Bands,Fitness,1,14.99,14.99
#1485,2026-09-23,customer6@example.com,Wireless Earbuds,Electronics,1,24.99,24.99
#1486,2026-09-23,customer7@example.com,Ceramic Mug,Home,2,8.99,17.98
#1487,2026-09-24,customer14@example.com,Phone Case,Electronics,3,9.99,29.97
#1488,2026-09-24,customer22@example.com,Ceramic Mug,Home,1,8.99,8.99
#1489,2026-09-24,customer2@example.com,Desk Lamp,Home,1,22.5,22.5
#1490,2026-09-24,customer19@example.com,Throw Blanket,Home,1,29.99,29.99
#1491,2026-09-25,customer33@example.com,Throw Blanket,Home,1,29.99,29.99
#1492,2026-09-25,customer2@example.com,Running Shoes,Fitness,1,49.99,49.99
#1493,2026-09-26,customer34@example.com,Wireless Earbuds,Electronics,2,24.99,49.98
#1494,2026-09-26,customer31@example.com,Phone Case,Electronics,1,9.99,9.99
#1495,2026-09-26,customer14@example.com,Wireless Earbuds,Electronics,2,24.99,49.98
#1496,2026-09-26,customer19@example.com,Phone Case,Electronics,2,9.99,19.98
#1497,2026-09-26,customer1@example.com,Yoga Mat,Fitness,2,19.99,39.98
#1498,2026-09-26,customer19@example.com,Bluetooth Speaker,Electronics,1,34.99,34.99
#1499,2026-09-26,customer23@example.com,Wireless Earbuds,Electronics,1,24.99,24.99
#1500,2026-09-26,customer32@example.com,Running Shoes,Fitness,1,49.99,49.99
#1501,2026-09-27,customer23@example.com,Running Shoes,Fitness,2,49.99,99.98
#1502,2026-09-27,customer11@example.com,Bluetooth Speaker,Electronics,1,34.99,34.99
#1503,2026-09-27,customer15@example.com,Ceramic Mug,Home,1,8.99,8.99
#1504,2026-09-27,customer8@example.com,Running Shoes,Fitness,1,49.99,49.99
#1505,2026-09-28,customer7@example.com,Running Shoes,Fitness,3,49.99,149.97
#1506,2026-09-28,customer7@example.com,Throw Blanket,Home,1,29.99,29.99
#1507,2026-09-28,customer6@example.com,Desk Lamp,Home,2,22.5,45.0
#1005,2026-07-01,customer6@example.com,Phone Case,Electronics,1,9.99,9.99
#9999,2026-08-15,customer5@example.com,Bluetooth Speaker,Electronics,40,34.99,1399.6
